{
  "framework": "rdflib",
  "scale": "100k",
  "data": "/home/nico/wspace/eona/eona_vocabulary_services/spikes/02_oxigraph_bench/data/data-100k.ttl",
  "load_s": 3.416999922017567,
  "queries": {
    "q1_count": {
      "n": 3,
      "best_s": 0.6915861339948606,
      "p50_s": 0.7744297469907906,
      "p95_s": 1.2402738999808207,
      "samples_s": [
        0.6915861339948606,
        1.2402738999808207,
        0.7744297469907906
      ]
    },
    "q2_top_customers": {
      "n": 3,
      "best_s": 0.5639660470187664,
      "p50_s": 0.5702627149876207,
      "p95_s": 0.5734995550010353,
      "samples_s": [
        0.5702627149876207,
        0.5734995550010353,
        0.5639660470187664
      ]
    },
    "q3_join_filter": {
      "n": 3,
      "best_s": 0.9385798560106196,
      "p50_s": 1.1641514410148375,
      "p95_s": 1.269291570992209,
      "samples_s": [
        1.269291570992209,
        1.1641514410148375,
        0.9385798560106196
      ]
    },
    "q4_optional_agg": {
      "n": 3,
      "best_s": 195.03701421699952,
      "p50_s": 195.406126907008,
      "p95_s": 196.29142750400933,
      "samples_s": [
        195.406126907008,
        196.29142750400933,
        195.03701421699952
      ]
    }
  },
  "rss_peak_bytes": 214994944,
  "rss_delta_bytes": 154112000,
  "version": "7.6.0"
}