{
  "framework": "virtuoso",
  "scale": "100k",
  "data": "/home/nico/wspace/eona/eona_vocabulary_services/spikes/02_oxigraph_bench/data/data-100k.ttl",
  "load_s": 0.6109583149955142,
  "queries": {
    "q1_count": {
      "n": 3,
      "best_s": 0.0018384589930064976,
      "p50_s": 0.0019913730211555958,
      "p95_s": 0.002201394992880523,
      "samples_s": [
        0.002201394992880523,
        0.0018384589930064976,
        0.0019913730211555958
      ]
    },
    "q2_top_customers": {
      "n": 3,
      "best_s": 0.008899634005501866,
      "p50_s": 0.010444034007377923,
      "p95_s": 0.010575036983937025,
      "samples_s": [
        0.010444034007377923,
        0.008899634005501866,
        0.010575036983937025
      ]
    },
    "q3_join_filter": {
      "n": 3,
      "best_s": 0.004010417993413284,
      "p50_s": 0.00411440699826926,
      "p95_s": 0.004143397993175313,
      "samples_s": [
        0.00411440699826926,
        0.004010417993413284,
        0.004143397993175313
      ]
    },
    "q4_optional_agg": {
      "n": 3,
      "best_s": 0.012192300986498594,
      "p50_s": 0.013131690007867292,
      "p95_s": 0.01911210099933669,
      "samples_s": [
        0.012192300986498594,
        0.013131690007867292,
        0.01911210099933669
      ]
    }
  },
  "rss_peak_bytes": 291399270,
  "store_bytes_on_disk": 33,
  "virtuoso_image": "openlink/virtuoso-opensource-7:latest"
}