{
  "fuseki": {
    "q01_label_lookup": {
      "n": 50,
      "min_ms": 19.818544387817383,
      "p50_ms": 22.905826568603516,
      "p95_ms": 44.86584663391113,
      "p99_ms": 49.62968826293945,
      "max_ms": 49.62968826293945,
      "mean_ms": 25.389719009399414
    },
    "q02_broader_path": {
      "n": 50,
      "min_ms": 4.133939743041992,
      "p50_ms": 5.980968475341797,
      "p95_ms": 8.995294570922852,
      "p99_ms": 9.642601013183594,
      "max_ms": 9.642601013183594,
      "mean_ms": 6.213488578796387
    },
    "q03_scheme_enum": {
      "n": 50,
      "min_ms": 6.920576095581055,
      "p50_ms": 12.592077255249023,
      "p95_ms": 18.27073097229004,
      "p99_ms": 19.861936569213867,
      "max_ms": 19.861936569213867,
      "mean_ms": 12.463102340698242
    },
    "q04_construct_neighborhood": {
      "n": 50,
      "min_ms": 3.8585662841796875,
      "p50_ms": 4.598855972290039,
      "p95_ms": 6.637334823608398,
      "p99_ms": 7.731199264526367,
      "max_ms": 7.731199264526367,
      "mean_ms": 4.915938377380371
    },
    "q05_narrower_closure": {
      "n": 50,
      "min_ms": 14.937162399291992,
      "p50_ms": 18.130064010620117,
      "p95_ms": 27.814865112304688,
      "p99_ms": 38.96474838256836,
      "max_ms": 38.96474838256836,
      "mean_ms": 19.44171905517578
    },
    "q06_named_graph": {
      "n": 50,
      "min_ms": 3.2854080200195312,
      "p50_ms": 4.313945770263672,
      "p95_ms": 8.746862411499023,
      "p99_ms": 9.240150451660156,
      "max_ms": 9.240150451660156,
      "mean_ms": 4.764862060546875
    },
    "q08_ask": {
      "n": 50,
      "min_ms": 3.300189971923828,
      "p50_ms": 3.7593841552734375,
      "p95_ms": 6.616353988647461,
      "p99_ms": 7.270097732543945,
      "max_ms": 7.270097732543945,
      "mean_ms": 4.1233062744140625
    },
    "q07_update_insert": {
      "n": 50,
      "min_ms": 3.289461135864258,
      "p50_ms": 4.122018814086914,
      "p95_ms": 8.564949035644531,
      "p99_ms": 9.243249893188477,
      "max_ms": 9.243249893188477,
      "mean_ms": 4.78388786315918
    }
  },
  "oxigraph": {
    "q01_label_lookup": {
      "n": 50,
      "min_ms": 30.168771743774414,
      "p50_ms": 35.48026084899902,
      "p95_ms": 45.929670333862305,
      "p99_ms": 49.945831298828125,
      "max_ms": 49.945831298828125,
      "mean_ms": 36.232333183288574
    },
    "q02_broader_path": {
      "n": 50,
      "min_ms": 1.028299331665039,
      "p50_ms": 1.1131763458251953,
      "p95_ms": 1.489877700805664,
      "p99_ms": 1.8198490142822266,
      "max_ms": 1.8198490142822266,
      "mean_ms": 1.1893415451049805
    },
    "q03_scheme_enum": {
      "n": 50,
      "min_ms": 5.167961120605469,
      "p50_ms": 6.552219390869141,
      "p95_ms": 9.294271469116211,
      "p99_ms": 9.763717651367188,
      "max_ms": 9.763717651367188,
      "mean_ms": 6.7919111251831055
    },
    "q04_construct_neighborhood": {
      "n": 50,
      "min_ms": 0.9052753448486328,
      "p50_ms": 1.2564659118652344,
      "p95_ms": 1.5881061553955078,
      "p99_ms": 1.7066001892089844,
      "max_ms": 1.7066001892089844,
      "mean_ms": 1.2576627731323242
    },
    "q05_narrower_closure": {
      "n": 50,
      "min_ms": 19.582748413085938,
      "p50_ms": 22.184133529663086,
      "p95_ms": 29.185771942138672,
      "p99_ms": 31.432390213012695,
      "max_ms": 31.432390213012695,
      "mean_ms": 22.829227447509766
    },
    "q06_named_graph": {
      "n": 50,
      "min_ms": 10.468482971191406,
      "p50_ms": 14.621496200561523,
      "p95_ms": 19.439220428466797,
      "p99_ms": 23.334503173828125,
      "max_ms": 23.334503173828125,
      "mean_ms": 15.050067901611328
    },
    "q08_ask": {
      "n": 50,
      "min_ms": 0.9703636169433594,
      "p50_ms": 1.0809898376464844,
      "p95_ms": 1.459360122680664,
      "p99_ms": 1.8734931945800781,
      "max_ms": 1.8734931945800781,
      "mean_ms": 1.1356496810913086
    },
    "q07_update_insert": {
      "n": 50,
      "min_ms": 0.9551048278808594,
      "p50_ms": 1.0254383087158203,
      "p95_ms": 1.3260841369628906,
      "p99_ms": 1.4235973358154297,
      "max_ms": 1.4235973358154297,
      "mean_ms": 1.0745906829833984
    }
  }
}