{
  "framework": "oxigraph",
  "scale": "100k",
  "data": "/home/nico/wspace/eona/eona_vocabulary_services/spikes/02_oxigraph_bench/data/data-100k.ttl",
  "load_s": 0.41718436300288886,
  "queries": {
    "q1_count": {
      "n": 3,
      "best_s": 0.021064725005999207,
      "p50_s": 0.021163305995287374,
      "p95_s": 0.02625565297785215,
      "samples_s": [
        0.021064725005999207,
        0.021163305995287374,
        0.02625565297785215
      ]
    },
    "q2_top_customers": {
      "n": 3,
      "best_s": 0.06817764899460599,
      "p50_s": 0.06868970600771718,
      "p95_s": 0.06906855499255471,
      "samples_s": [
        0.06817764899460599,
        0.06906855499255471,
        0.06868970600771718
      ]
    },
    "q3_join_filter": {
      "n": 3,
      "best_s": 0.10443564699380659,
      "p50_s": 0.10510603099828586,
      "p95_s": 0.1055657480028458,
      "samples_s": [
        0.10510603099828586,
        0.10443564699380659,
        0.1055657480028458
      ]
    },
    "q4_optional_agg": {
      "n": 3,
      "best_s": 63.523042218002956,
      "p50_s": 63.6487114810152,
      "p95_s": 64.49249411100755,
      "samples_s": [
        63.523042218002956,
        63.6487114810152,
        64.49249411100755
      ]
    }
  },
  "rss_peak_bytes": 127074304,
  "rss_delta_bytes": 56934400,
  "store_bytes_on_disk": 8882808
}