{
  "framework": "fuseki_tdb2",
  "scale": "1m",
  "data": "/home/nico/wspace/eona/eona_vocabulary_services/spikes/02_oxigraph_bench/data/data-1m.nt",
  "load_s": 8.290776494017337,
  "queries": {
    "q1_count": {
      "n": 3,
      "best_s": 0.20495045898132958,
      "p50_s": 0.3362809040118009,
      "p95_s": 0.39005093500600196,
      "samples_s": [
        0.39005093500600196,
        0.3362809040118009,
        0.20495045898132958
      ],
      "timed_out": false,
      "row_count": 1
    },
    "q2_top_customers": {
      "n": 3,
      "best_s": 0.8269566700037103,
      "p50_s": 0.8450273249763995,
      "p95_s": 0.8971143829985522,
      "samples_s": [
        0.8971143829985522,
        0.8450273249763995,
        0.8269566700037103
      ],
      "timed_out": false,
      "row_count": 20
    },
    "q3_join_filter": {
      "n": 3,
      "best_s": 0.0472132180002518,
      "p50_s": 0.048085924005135894,
      "p95_s": 0.05949209598475136,
      "samples_s": [
        0.05949209598475136,
        0.048085924005135894,
        0.0472132180002518
      ],
      "timed_out": false,
      "row_count": 100
    },
    "q4_optional_agg": {
      "n": 3,
      "best_s": 1.088985912996577,
      "p50_s": 1.0982645580079406,
      "p95_s": 1.1128392340033315,
      "samples_s": [
        1.0982645580079406,
        1.1128392340033315,
        1.088985912996577
      ],
      "timed_out": false,
      "row_count": 30
    }
  },
  "rss_peak_bytes": 1155743744,
  "rss_delta_bytes": 909766656,
  "store_bytes_on_disk": 353157284,
  "fuseki_version": "5.2.0"
}