{
  "framework": "maplib",
  "scale": "100k",
  "data": "/home/nico/wspace/eona/eona_vocabulary_services/spikes/02_oxigraph_bench/data/data-100k.ttl",
  "load_s": 0.15000108297681436,
  "queries": {
    "q1_count": {
      "n": 3,
      "best_s": 0.0060718410240951926,
      "p50_s": 0.0061229919956531376,
      "p95_s": 0.006223170988960192,
      "samples_s": [
        0.006223170988960192,
        0.0060718410240951926,
        0.0061229919956531376
      ]
    },
    "q2_top_customers": {
      "n": 3,
      "best_s": 0.0023836039763409644,
      "p50_s": 0.002802601986331865,
      "p95_s": 0.003316164977150038,
      "samples_s": [
        0.0023836039763409644,
        0.003316164977150038,
        0.002802601986331865
      ]
    },
    "q3_join_filter": {
      "n": 3,
      "best_s": 0.003121924994047731,
      "p50_s": 0.003253366012359038,
      "p95_s": 0.0033380439854227006,
      "samples_s": [
        0.0033380439854227006,
        0.003121924994047731,
        0.003253366012359038
      ]
    },
    "q4_optional_agg": {
      "n": 3,
      "best_s": 0.004562995018204674,
      "p50_s": 0.005040851014200598,
      "p95_s": 0.005201213003601879,
      "samples_s": [
        0.005201213003601879,
        0.004562995018204674,
        0.005040851014200598
      ]
    }
  },
  "rss_peak_bytes": 253403136,
  "rss_delta_bytes": 31211520,
  "version": "0.20.18"
}