{
  "framework": "maplib",
  "scale": "1m",
  "data": "/home/nico/wspace/eona/eona_vocabulary_services/spikes/02_oxigraph_bench/data/data-1m.ttl",
  "load_s": 2.347358779021306,
  "queries": {
    "q1_count": {
      "n": 3,
      "best_s": 0.11624002602184191,
      "p50_s": 0.11696911600301974,
      "p95_s": 0.11723505400004797,
      "samples_s": [
        0.11624002602184191,
        0.11723505400004797,
        0.11696911600301974
      ],
      "timed_out": false,
      "row_count": 1
    },
    "q2_top_customers": {
      "n": 3,
      "best_s": 0.018157910992158577,
      "p50_s": 0.01854466798249632,
      "p95_s": 0.02072792299441062,
      "samples_s": [
        0.01854466798249632,
        0.02072792299441062,
        0.018157910992158577
      ],
      "timed_out": false,
      "row_count": 20
    },
    "q3_join_filter": {
      "n": 3,
      "best_s": 0.02013179601635784,
      "p50_s": 0.020448944997042418,
      "p95_s": 0.02080176697927527,
      "samples_s": [
        0.020448944997042418,
        0.02080176697927527,
        0.02013179601635784
      ],
      "timed_out": false,
      "row_count": 100
    },
    "q4_optional_agg": {
      "n": 3,
      "best_s": 0.028399250004440546,
      "p50_s": 0.03407519400934689,
      "p95_s": 0.036677361000329256,
      "samples_s": [
        0.036677361000329256,
        0.03407519400934689,
        0.028399250004440546
      ],
      "timed_out": false,
      "row_count": 30
    }
  },
  "rss_peak_bytes": 956825600,
  "rss_delta_bytes": 288276480,
  "version": "0.20.18"
}