{
  "fuseki": {
    "q01_label_lookup": {
      "n": 50,
      "min_ms": 30.785560607910156,
      "p50_ms": 42.53363609313965,
      "p95_ms": 60.34111976623535,
      "p99_ms": 85.62159538269043,
      "max_ms": 85.62159538269043,
      "mean_ms": 44.01005268096924
    },
    "q02_broader_path": {
      "n": 50,
      "min_ms": 6.948709487915039,
      "p50_ms": 11.50369644165039,
      "p95_ms": 15.367746353149414,
      "p99_ms": 16.921520233154297,
      "max_ms": 16.921520233154297,
      "mean_ms": 11.708226203918457
    },
    "q03_scheme_enum": {
      "n": 50,
      "min_ms": 14.876127243041992,
      "p50_ms": 21.791934967041016,
      "p95_ms": 27.595996856689453,
      "p99_ms": 28.892993927001953,
      "max_ms": 28.892993927001953,
      "mean_ms": 21.448516845703125
    },
    "q04_construct_neighborhood": {
      "n": 50,
      "min_ms": 8.021831512451172,
      "p50_ms": 12.274980545043945,
      "p95_ms": 17.902374267578125,
      "p99_ms": 24.567604064941406,
      "max_ms": 24.567604064941406,
      "mean_ms": 12.637801170349121
    },
    "q05_narrower_closure": {
      "n": 50,
      "min_ms": 28.809070587158203,
      "p50_ms": 42.26088523864746,
      "p95_ms": 50.568342208862305,
      "p99_ms": 66.68543815612793,
      "max_ms": 66.68543815612793,
      "mean_ms": 41.61109447479248
    },
    "q06_named_graph": {
      "n": 50,
      "min_ms": 6.981849670410156,
      "p50_ms": 10.619163513183594,
      "p95_ms": 14.749288558959961,
      "p99_ms": 19.654035568237305,
      "max_ms": 19.654035568237305,
      "mean_ms": 10.933198928833008
    },
    "q08_ask": {
      "n": 50,
      "min_ms": 8.213996887207031,
      "p50_ms": 9.594440460205078,
      "p95_ms": 12.22991943359375,
      "p99_ms": 16.30568504333496,
      "max_ms": 16.30568504333496,
      "mean_ms": 9.925360679626465
    },
    "q07_update_insert": {
      "n": 50,
      "min_ms": 7.403373718261719,
      "p50_ms": 9.632349014282227,
      "p95_ms": 12.520313262939453,
      "p99_ms": 18.922805786132812,
      "max_ms": 18.922805786132812,
      "mean_ms": 10.135517120361328
    }
  },
  "oxigraph": {
    "q01_label_lookup": {
      "n": 50,
      "min_ms": 62.78657913208008,
      "p50_ms": 70.09339332580566,
      "p95_ms": 93.29986572265625,
      "p99_ms": 102.65564918518066,
      "max_ms": 102.65564918518066,
      "mean_ms": 73.54413032531738
    },
    "q02_broader_path": {
      "n": 50,
      "min_ms": 1.9237995147705078,
      "p50_ms": 2.183675765991211,
      "p95_ms": 2.4204254150390625,
      "p99_ms": 2.438068389892578,
      "max_ms": 2.438068389892578,
      "mean_ms": 2.1949148178100586
    },
    "q03_scheme_enum": {
      "n": 50,
      "min_ms": 15.563488006591797,
      "p50_ms": 21.61407470703125,
      "p95_ms": 32.28569030761719,
      "p99_ms": 38.555145263671875,
      "max_ms": 38.555145263671875,
      "mean_ms": 23.050899505615234
    },
    "q04_construct_neighborhood": {
      "n": 50,
      "min_ms": 2.083301544189453,
      "p50_ms": 2.370119094848633,
      "p95_ms": 2.738475799560547,
      "p99_ms": 2.8383731842041016,
      "max_ms": 2.8383731842041016,
      "mean_ms": 2.40786075592041
    },
    "q05_narrower_closure": {
      "n": 50,
      "min_ms": 53.37238311767578,
      "p50_ms": 67.47269630432129,
      "p95_ms": 82.01098442077637,
      "p99_ms": 89.3704891204834,
      "max_ms": 89.3704891204834,
      "mean_ms": 66.42305850982666
    },
    "q06_named_graph": {
      "n": 50,
      "min_ms": 32.560110092163086,
      "p50_ms": 45.98641395568848,
      "p95_ms": 65.83237648010254,
      "p99_ms": 74.41115379333496,
      "max_ms": 74.41115379333496,
      "mean_ms": 46.01351261138916
    },
    "q08_ask": {
      "n": 50,
      "min_ms": 1.804351806640625,
      "p50_ms": 2.0973682403564453,
      "p95_ms": 2.4292469024658203,
      "p99_ms": 2.466440200805664,
      "max_ms": 2.466440200805664,
      "mean_ms": 2.122335433959961
    },
    "q07_update_insert": {
      "n": 50,
      "min_ms": 1.7414093017578125,
      "p50_ms": 2.095460891723633,
      "p95_ms": 2.6204586029052734,
      "p99_ms": 2.888917922973633,
      "max_ms": 2.888917922973633,
      "mean_ms": 2.1353578567504883
    }
  }
}