{
  "fuseki": {
    "q01_label_lookup": {
      "n": 50,
      "min_ms": 49.97873306274414,
      "p50_ms": 60.96696853637695,
      "p95_ms": 76.72595977783203,
      "p99_ms": 94.48862075805664,
      "max_ms": 94.48862075805664,
      "mean_ms": 61.926164627075195
    },
    "q02_broader_path": {
      "n": 50,
      "min_ms": 9.24825668334961,
      "p50_ms": 13.486385345458984,
      "p95_ms": 16.663551330566406,
      "p99_ms": 19.378662109375,
      "max_ms": 19.378662109375,
      "mean_ms": 13.288054466247559
    },
    "q03_scheme_enum": {
      "n": 50,
      "min_ms": 14.780044555664062,
      "p50_ms": 25.0399112701416,
      "p95_ms": 34.45720672607422,
      "p99_ms": 38.019657135009766,
      "max_ms": 38.019657135009766,
      "mean_ms": 25.737342834472656
    },
    "q04_construct_neighborhood": {
      "n": 50,
      "min_ms": 8.599042892456055,
      "p50_ms": 12.065649032592773,
      "p95_ms": 15.425920486450195,
      "p99_ms": 18.249988555908203,
      "max_ms": 18.249988555908203,
      "mean_ms": 12.235355377197266
    },
    "q05_narrower_closure": {
      "n": 50,
      "min_ms": 43.7924861907959,
      "p50_ms": 66.7734146118164,
      "p95_ms": 92.69404411315918,
      "p99_ms": 116.85967445373535,
      "max_ms": 116.85967445373535,
      "mean_ms": 69.81241226196289
    },
    "q06_named_graph": {
      "n": 50,
      "min_ms": 8.036136627197266,
      "p50_ms": 11.060714721679688,
      "p95_ms": 19.075393676757812,
      "p99_ms": 20.694971084594727,
      "max_ms": 20.694971084594727,
      "mean_ms": 11.862258911132812
    },
    "q08_ask": {
      "n": 50,
      "min_ms": 7.471799850463867,
      "p50_ms": 10.100364685058594,
      "p95_ms": 13.264179229736328,
      "p99_ms": 21.06189727783203,
      "max_ms": 21.06189727783203,
      "mean_ms": 10.458340644836426
    },
    "q07_update_insert": {
      "n": 50,
      "min_ms": 74.08690452575684,
      "p50_ms": 84.30910110473633,
      "p95_ms": 91.17794036865234,
      "p99_ms": 93.44005584716797,
      "max_ms": 93.44005584716797,
      "mean_ms": 84.53166007995605
    }
  },
  "oxigraph": {
    "q01_label_lookup": {
      "n": 50,
      "min_ms": 51.75423622131348,
      "p50_ms": 61.963558197021484,
      "p95_ms": 69.17834281921387,
      "p99_ms": 70.04332542419434,
      "max_ms": 70.04332542419434,
      "mean_ms": 60.581932067871094
    },
    "q02_broader_path": {
      "n": 50,
      "min_ms": 1.7986297607421875,
      "p50_ms": 2.1369457244873047,
      "p95_ms": 2.466440200805664,
      "p99_ms": 2.6412010192871094,
      "max_ms": 2.6412010192871094,
      "mean_ms": 2.1594953536987305
    },
    "q03_scheme_enum": {
      "n": 50,
      "min_ms": 8.962869644165039,
      "p50_ms": 11.081933975219727,
      "p95_ms": 13.151884078979492,
      "p99_ms": 16.87145233154297,
      "max_ms": 16.87145233154297,
      "mean_ms": 11.205244064331055
    },
    "q04_construct_neighborhood": {
      "n": 50,
      "min_ms": 2.0270347595214844,
      "p50_ms": 2.4394989013671875,
      "p95_ms": 2.8793811798095703,
      "p99_ms": 3.2091140747070312,
      "max_ms": 3.2091140747070312,
      "mean_ms": 2.4876976013183594
    },
    "q05_narrower_closure": {
      "n": 50,
      "min_ms": 37.978172302246094,
      "p50_ms": 44.78335380554199,
      "p95_ms": 54.431915283203125,
      "p99_ms": 55.59134483337402,
      "max_ms": 55.59134483337402,
      "mean_ms": 45.45199394226074
    },
    "q06_named_graph": {
      "n": 50,
      "min_ms": 20.621299743652344,
      "p50_ms": 29.58202362060547,
      "p95_ms": 35.29763221740723,
      "p99_ms": 38.442373275756836,
      "max_ms": 38.442373275756836,
      "mean_ms": 28.734488487243652
    },
    "q08_ask": {
      "n": 50,
      "min_ms": 1.8765926361083984,
      "p50_ms": 2.0928382873535156,
      "p95_ms": 2.4569034576416016,
      "p99_ms": 2.5360584259033203,
      "max_ms": 2.5360584259033203,
      "mean_ms": 2.155618667602539
    },
    "q07_update_insert": {
      "n": 50,
      "min_ms": 1.7535686492919922,
      "p50_ms": 2.0856857299804688,
      "p95_ms": 2.4995803833007812,
      "p99_ms": 2.718687057495117,
      "max_ms": 2.718687057495117,
      "mean_ms": 2.117481231689453
    }
  }
}