{
  "framework": "rdflib",
  "scale": "100k",
  "data": "/home/nico/wspace/eona/eona_vocabulary_services/spikes/02_oxigraph_bench/data/data-100k.ttl",
  "load_s": 3.960418258997379,
  "queries": {
    "q1_count": {
      "n": 3,
      "best_s": 0.7161504010146018,
      "p50_s": 0.7174489239987452,
      "p95_s": 0.740593322989298,
      "samples_s": [
        0.740593322989298,
        0.7161504010146018,
        0.7174489239987452
      ],
      "timed_out": false,
      "row_count": 1
    },
    "q2_top_customers": {
      "n": 3,
      "best_s": 0.6042310509947129,
      "p50_s": 0.611622736993013,
      "p95_s": 0.6131107410183176,
      "samples_s": [
        0.6042310509947129,
        0.6131107410183176,
        0.611622736993013
      ],
      "timed_out": false,
      "row_count": 20
    },
    "q3_join_filter": {
      "n": 3,
      "best_s": 0.9603872749721631,
      "p50_s": 0.9677074690116569,
      "p95_s": 0.9762984009867068,
      "samples_s": [
        0.9677074690116569,
        0.9603872749721631,
        0.9762984009867068
      ],
      "timed_out": false,
      "row_count": 100
    },
    "q4_optional_agg": {
      "n": 3,
      "best_s": 207.92491664001136,
      "p50_s": 213.2109493110038,
      "p95_s": 214.8107435469865,
      "samples_s": [
        214.8107435469865,
        213.2109493110038,
        207.92491664001136
      ],
      "timed_out": false,
      "row_count": 30
    }
  },
  "rss_peak_bytes": 361824256,
  "rss_delta_bytes": 168947712,
  "version": "7.6.0"
}