{
  "framework": "fuseki_tdb2",
  "scale": "100k",
  "data": "/home/nico/wspace/eona/eona_vocabulary_services/spikes/02_oxigraph_bench/data/data-100k.nt",
  "load_s": 3.4263747060031164,
  "queries": {
    "q1_count": {
      "n": 3,
      "best_s": 0.05988385499222204,
      "p50_s": 0.07841372999246232,
      "p95_s": 0.10210762498900294,
      "samples_s": [
        0.10210762498900294,
        0.05988385499222204,
        0.07841372999246232
      ],
      "timed_out": false,
      "row_count": 1
    },
    "q2_top_customers": {
      "n": 3,
      "best_s": 0.11492172302678227,
      "p50_s": 0.11625736899441108,
      "p95_s": 0.22421756602125242,
      "samples_s": [
        0.22421756602125242,
        0.11625736899441108,
        0.11492172302678227
      ],
      "timed_out": false,
      "row_count": 20
    },
    "q3_join_filter": {
      "n": 3,
      "best_s": 0.04487564801820554,
      "p50_s": 0.04537370798061602,
      "p95_s": 0.04983794299187139,
      "samples_s": [
        0.04983794299187139,
        0.04537370798061602,
        0.04487564801820554
      ],
      "timed_out": false,
      "row_count": 100
    },
    "q4_optional_agg": {
      "n": 3,
      "best_s": 0.12329384498298168,
      "p50_s": 0.13408670100034215,
      "p95_s": 0.1679156429891009,
      "samples_s": [
        0.1679156429891009,
        0.13408670100034215,
        0.12329384498298168
      ],
      "timed_out": false,
      "row_count": 30
    }
  },
  "rss_peak_bytes": 1000263680,
  "rss_delta_bytes": 757518336,
  "store_bytes_on_disk": 202219948,
  "fuseki_version": "5.2.0"
}