{
  "framework": "virtuoso",
  "scale": "100k",
  "data": "/home/nico/wspace/eona/eona_vocabulary_services/spikes/02_oxigraph_bench/data/data-100k.ttl",
  "load_s": 0.4466302990040276,
  "queries": {
    "q1_count": {
      "n": 3,
      "best_s": 0.0014700879983138293,
      "p50_s": 0.0015946469793561846,
      "p95_s": 0.0016103249799925834,
      "samples_s": [
        0.0016103249799925834,
        0.0015946469793561846,
        0.0014700879983138293
      ]
    },
    "q2_top_customers": {
      "n": 3,
      "best_s": 0.005408647004514933,
      "p50_s": 0.005645703990012407,
      "p95_s": 0.005917394999414682,
      "samples_s": [
        0.005917394999414682,
        0.005645703990012407,
        0.005408647004514933
      ]
    },
    "q3_join_filter": {
      "n": 3,
      "best_s": 0.0017924450221471488,
      "p50_s": 0.0018553969857748598,
      "p95_s": 0.0020674059924203902,
      "samples_s": [
        0.0020674059924203902,
        0.0017924450221471488,
        0.0018553969857748598
      ]
    },
    "q4_optional_agg": {
      "n": 3,
      "best_s": 0.009332294983323663,
      "p50_s": 0.009401693008840084,
      "p95_s": 0.009738430992001668,
      "samples_s": [
        0.009738430992001668,
        0.009332294983323663,
        0.009401693008840084
      ]
    }
  },
  "rss_peak_bytes": 310483353,
  "store_bytes_on_disk": 0,
  "virtuoso_image": "openlink/virtuoso-opensource-7:latest"
}