{
  "framework": "maplib",
  "scale": "100k",
  "data": "/home/nico/wspace/eona/eona_vocabulary_services/spikes/02_oxigraph_bench/data/data-100k.ttl",
  "load_s": 0.21978002801188268,
  "queries": {
    "q1_count": {
      "n": 3,
      "best_s": 0.019684705999679863,
      "p50_s": 0.020562403980875388,
      "p95_s": 0.020618701993953437,
      "samples_s": [
        0.020562403980875388,
        0.019684705999679863,
        0.020618701993953437
      ],
      "timed_out": false,
      "row_count": 1
    },
    "q2_top_customers": {
      "n": 3,
      "best_s": 0.007204831985291094,
      "p50_s": 0.007588225998915732,
      "p95_s": 0.007591414992930368,
      "samples_s": [
        0.007588225998915732,
        0.007591414992930368,
        0.007204831985291094
      ],
      "timed_out": false,
      "row_count": 20
    },
    "q3_join_filter": {
      "n": 3,
      "best_s": 0.008173990005161613,
      "p50_s": 0.008529047016054392,
      "p95_s": 0.008684434986207634,
      "samples_s": [
        0.008529047016054392,
        0.008684434986207634,
        0.008173990005161613
      ],
      "timed_out": false,
      "row_count": 100
    },
    "q4_optional_agg": {
      "n": 3,
      "best_s": 0.01069565600482747,
      "p50_s": 0.011547326983418316,
      "p95_s": 0.013786092022201046,
      "samples_s": [
        0.013786092022201046,
        0.011547326983418316,
        0.01069565600482747
      ],
      "timed_out": false,
      "row_count": 30
    }
  },
  "rss_peak_bytes": 252710912,
  "rss_delta_bytes": 34041856,
  "version": "0.20.18"
}