{
  "fuseki": {
    "q01_label_lookup": {
      "n": 50,
      "min_ms": 27.463436126708984,
      "p50_ms": 30.310392379760742,
      "p95_ms": 39.871931076049805,
      "p99_ms": 46.95415496826172,
      "max_ms": 46.95415496826172,
      "mean_ms": 31.99794292449951
    },
    "q02_broader_path": {
      "n": 50,
      "min_ms": 3.8340091705322266,
      "p50_ms": 5.193471908569336,
      "p95_ms": 7.738351821899414,
      "p99_ms": 9.342193603515625,
      "max_ms": 9.342193603515625,
      "mean_ms": 5.526785850524902
    },
    "q03_scheme_enum": {
      "n": 50,
      "min_ms": 8.06736946105957,
      "p50_ms": 11.340141296386719,
      "p95_ms": 15.565872192382812,
      "p99_ms": 16.778945922851562,
      "max_ms": 16.778945922851562,
      "mean_ms": 11.363921165466309
    },
    "q04_construct_neighborhood": {
      "n": 50,
      "min_ms": 3.7779808044433594,
      "p50_ms": 4.785776138305664,
      "p95_ms": 7.315635681152344,
      "p99_ms": 9.154081344604492,
      "max_ms": 9.154081344604492,
      "mean_ms": 5.226554870605469
    },
    "q05_narrower_closure": {
      "n": 50,
      "min_ms": 34.499406814575195,
      "p50_ms": 40.071964263916016,
      "p95_ms": 50.21977424621582,
      "p99_ms": 61.33532524108887,
      "max_ms": 61.33532524108887,
      "mean_ms": 41.462411880493164
    },
    "q06_named_graph": {
      "n": 50,
      "min_ms": 3.6122798919677734,
      "p50_ms": 4.487276077270508,
      "p95_ms": 6.412506103515625,
      "p99_ms": 7.058620452880859,
      "max_ms": 7.058620452880859,
      "mean_ms": 4.795575141906738
    },
    "q08_ask": {
      "n": 50,
      "min_ms": 3.673076629638672,
      "p50_ms": 4.4345855712890625,
      "p95_ms": 6.141185760498047,
      "p99_ms": 7.55620002746582,
      "max_ms": 7.55620002746582,
      "mean_ms": 4.650297164916992
    },
    "q07_update_insert": {
      "n": 50,
      "min_ms": 40.92264175415039,
      "p50_ms": 45.26209831237793,
      "p95_ms": 50.595998764038086,
      "p99_ms": 63.78459930419922,
      "max_ms": 63.78459930419922,
      "mean_ms": 46.0756254196167
    }
  },
  "oxigraph": {
    "q01_label_lookup": {
      "n": 50,
      "min_ms": 58.41231346130371,
      "p50_ms": 62.880516052246094,
      "p95_ms": 69.46563720703125,
      "p99_ms": 75.93727111816406,
      "max_ms": 75.93727111816406,
      "mean_ms": 63.28755855560303
    },
    "q02_broader_path": {
      "n": 50,
      "min_ms": 1.0955333709716797,
      "p50_ms": 1.2145042419433594,
      "p95_ms": 1.8546581268310547,
      "p99_ms": 1.9693374633789062,
      "max_ms": 1.9693374633789062,
      "mean_ms": 1.3093376159667969
    },
    "q03_scheme_enum": {
      "n": 50,
      "min_ms": 7.149696350097656,
      "p50_ms": 10.060310363769531,
      "p95_ms": 12.622356414794922,
      "p99_ms": 14.6331787109375,
      "max_ms": 14.6331787109375,
      "mean_ms": 10.118551254272461
    },
    "q04_construct_neighborhood": {
      "n": 50,
      "min_ms": 1.195669174194336,
      "p50_ms": 1.3434886932373047,
      "p95_ms": 1.592874526977539,
      "p99_ms": 2.18963623046875,
      "max_ms": 2.18963623046875,
      "mean_ms": 1.3703584671020508
    },
    "q05_narrower_closure": {
      "n": 50,
      "min_ms": 48.47288131713867,
      "p50_ms": 52.8559684753418,
      "p95_ms": 66.34283065795898,
      "p99_ms": 76.83968544006348,
      "max_ms": 76.83968544006348,
      "mean_ms": 54.644365310668945
    },
    "q06_named_graph": {
      "n": 50,
      "min_ms": 21.40665054321289,
      "p50_ms": 24.737834930419922,
      "p95_ms": 30.544281005859375,
      "p99_ms": 32.3338508605957,
      "max_ms": 32.3338508605957,
      "mean_ms": 24.923553466796875
    },
    "q08_ask": {
      "n": 50,
      "min_ms": 0.9984970092773438,
      "p50_ms": 1.1203289031982422,
      "p95_ms": 1.482248306274414,
      "p99_ms": 1.5835762023925781,
      "max_ms": 1.5835762023925781,
      "mean_ms": 1.161503791809082
    },
    "q07_update_insert": {
      "n": 50,
      "min_ms": 0.9677410125732422,
      "p50_ms": 1.0678768157958984,
      "p95_ms": 1.314401626586914,
      "p99_ms": 1.4560222625732422,
      "max_ms": 1.4560222625732422,
      "mean_ms": 1.0958480834960938
    }
  }
}