{
  "framework": "virtuoso",
  "scale": "100k",
  "data": "/home/nico/wspace/eona/eona_vocabulary_services/spikes/02_oxigraph_bench/data/data-100k.ttl",
  "load_s": 1.2831488240044564,
  "queries": {
    "q1_count": {
      "n": 3,
      "best_s": 0.0031979409977793694,
      "p50_s": 0.005921533011132851,
      "p95_s": 0.009311312984209508,
      "samples_s": [
        0.005921533011132851,
        0.0031979409977793694,
        0.009311312984209508
      ]
    },
    "q2_top_customers": {
      "n": 3,
      "best_s": 0.018477656005416065,
      "p50_s": 0.018575636990135536,
      "p95_s": 0.01980282401200384,
      "samples_s": [
        0.018575636990135536,
        0.01980282401200384,
        0.018477656005416065
      ]
    },
    "q3_join_filter": {
      "n": 3,
      "best_s": 0.005601135024335235,
      "p50_s": 0.007025508995866403,
      "p95_s": 0.008903602021746337,
      "samples_s": [
        0.005601135024335235,
        0.007025508995866403,
        0.008903602021746337
      ]
    },
    "q4_optional_agg": {
      "n": 3,
      "best_s": 0.01581009299843572,
      "p50_s": 0.016578540991758928,
      "p95_s": 0.020567718980601057,
      "samples_s": [
        0.016578540991758928,
        0.01581009299843572,
        0.020567718980601057
      ]
    }
  },
  "rss_peak_bytes": 316040806,
  "store_bytes_on_disk": 74918983,
  "virtuoso_image": "openlink/virtuoso-opensource-7:latest"
}