{
  "framework": "oxigraph",
  "scale": "100k",
  "data": "/home/nico/wspace/eona/eona_vocabulary_services/spikes/02_oxigraph_bench/data/data-100k.ttl",
  "load_s": 0.8298103949928191,
  "queries": {
    "q1_count": {
      "n": 3,
      "best_s": 0.0400166749896016,
      "p50_s": 0.04010312398895621,
      "p95_s": 0.04010788499726914,
      "samples_s": [
        0.04010788499726914,
        0.04010312398895621,
        0.0400166749896016
      ],
      "timed_out": false,
      "row_count": 1
    },
    "q2_top_customers": {
      "n": 3,
      "best_s": 0.09060081301140599,
      "p50_s": 0.09248527599265799,
      "p95_s": 0.13113607198465616,
      "samples_s": [
        0.13113607198465616,
        0.09060081301140599,
        0.09248527599265799
      ],
      "timed_out": false,
      "row_count": 20
    },
    "q3_join_filter": {
      "n": 3,
      "best_s": 0.11745818500639871,
      "p50_s": 0.1193866659887135,
      "p95_s": 0.13284655701136217,
      "samples_s": [
        0.11745818500639871,
        0.1193866659887135,
        0.13284655701136217
      ],
      "timed_out": false,
      "row_count": 100
    },
    "q4_optional_agg": {
      "n": 3,
      "best_s": 65.81322910499875,
      "p50_s": 66.29412038699957,
      "p95_s": 67.08379058301216,
      "samples_s": [
        65.81322910499875,
        66.29412038699957,
        67.08379058301216
      ],
      "timed_out": false,
      "row_count": 30
    }
  },
  "rss_peak_bytes": 148860928,
  "rss_delta_bytes": 78888960,
  "store_bytes_on_disk": 8882834
}