{
  "fuseki": {
    "q01_label_lookup": {
      "n": 50,
      "min_ms": 30.80606460571289,
      "p50_ms": 48.21276664733887,
      "p95_ms": 84.38944816589355,
      "p99_ms": 91.64738655090332,
      "max_ms": 91.64738655090332,
      "mean_ms": 51.156582832336426
    },
    "q02_broader_path": {
      "n": 50,
      "min_ms": 8.841276168823242,
      "p50_ms": 12.798786163330078,
      "p95_ms": 18.607378005981445,
      "p99_ms": 25.03681182861328,
      "max_ms": 25.03681182861328,
      "mean_ms": 13.578557968139648
    },
    "q03_scheme_enum": {
      "n": 50,
      "min_ms": 15.003681182861328,
      "p50_ms": 21.712303161621094,
      "p95_ms": 27.43816375732422,
      "p99_ms": 28.003692626953125,
      "max_ms": 28.003692626953125,
      "mean_ms": 21.68203830718994
    },
    "q04_construct_neighborhood": {
      "n": 50,
      "min_ms": 10.017156600952148,
      "p50_ms": 12.242794036865234,
      "p95_ms": 19.666671752929688,
      "p99_ms": 22.548913955688477,
      "max_ms": 22.548913955688477,
      "mean_ms": 13.541402816772461
    },
    "q05_narrower_closure": {
      "n": 50,
      "min_ms": 28.064966201782227,
      "p50_ms": 37.245988845825195,
      "p95_ms": 48.46906661987305,
      "p99_ms": 50.1863956451416,
      "max_ms": 50.1863956451416,
      "mean_ms": 37.72992134094238
    },
    "q06_named_graph": {
      "n": 50,
      "min_ms": 8.090972900390625,
      "p50_ms": 10.255575180053711,
      "p95_ms": 12.094736099243164,
      "p99_ms": 17.802715301513672,
      "max_ms": 17.802715301513672,
      "mean_ms": 10.418601036071777
    },
    "q08_ask": {
      "n": 50,
      "min_ms": 8.552789688110352,
      "p50_ms": 9.65428352355957,
      "p95_ms": 13.279438018798828,
      "p99_ms": 15.365123748779297,
      "max_ms": 15.365123748779297,
      "mean_ms": 10.111083984375
    },
    "q07_update_insert": {
      "n": 50,
      "min_ms": 7.435083389282227,
      "p50_ms": 9.960174560546875,
      "p95_ms": 14.292001724243164,
      "p99_ms": 16.588449478149414,
      "max_ms": 16.588449478149414,
      "mean_ms": 10.275459289550781
    }
  },
  "oxigraph": {
    "q01_label_lookup": {
      "n": 50,
      "min_ms": 52.002906799316406,
      "p50_ms": 58.234214782714844,
      "p95_ms": 71.40207290649414,
      "p99_ms": 74.35464859008789,
      "max_ms": 74.35464859008789,
      "mean_ms": 59.858527183532715
    },
    "q02_broader_path": {
      "n": 50,
      "min_ms": 1.8396377563476562,
      "p50_ms": 2.185344696044922,
      "p95_ms": 2.6693344116210938,
      "p99_ms": 2.9418468475341797,
      "max_ms": 2.9418468475341797,
      "mean_ms": 2.227044105529785
    },
    "q03_scheme_enum": {
      "n": 50,
      "min_ms": 9.876012802124023,
      "p50_ms": 13.014554977416992,
      "p95_ms": 16.53742790222168,
      "p99_ms": 17.315149307250977,
      "max_ms": 17.315149307250977,
      "mean_ms": 13.038759231567383
    },
    "q04_construct_neighborhood": {
      "n": 50,
      "min_ms": 1.9602775573730469,
      "p50_ms": 2.4251937866210938,
      "p95_ms": 2.8481483459472656,
      "p99_ms": 3.2720565795898438,
      "max_ms": 3.2720565795898438,
      "mean_ms": 2.46126651763916
    },
    "q05_narrower_closure": {
      "n": 50,
      "min_ms": 39.710283279418945,
      "p50_ms": 48.64621162414551,
      "p95_ms": 52.72078514099121,
      "p99_ms": 55.081844329833984,
      "max_ms": 55.081844329833984,
      "mean_ms": 48.259220123291016
    },
    "q06_named_graph": {
      "n": 50,
      "min_ms": 20.82347869873047,
      "p50_ms": 30.12871742248535,
      "p95_ms": 36.592721939086914,
      "p99_ms": 37.201642990112305,
      "max_ms": 37.201642990112305,
      "mean_ms": 29.012093544006348
    },
    "q08_ask": {
      "n": 50,
      "min_ms": 1.8818378448486328,
      "p50_ms": 2.0525455474853516,
      "p95_ms": 2.3789405822753906,
      "p99_ms": 2.588033676147461,
      "max_ms": 2.588033676147461,
      "mean_ms": 2.0772266387939453
    },
    "q07_update_insert": {
      "n": 50,
      "min_ms": 1.617431640625,
      "p50_ms": 2.061605453491211,
      "p95_ms": 2.567291259765625,
      "p99_ms": 2.645730972290039,
      "max_ms": 2.645730972290039,
      "mean_ms": 2.121562957763672
    }
  }
}