{
  "framework": "fuseki_tdb2",
  "scale": "100k",
  "data": "/home/nico/wspace/eona/eona_vocabulary_services/spikes/02_oxigraph_bench/data/data-100k.nt",
  "load_s": 3.174125061981613,
  "queries": {
    "q1_count": {
      "n": 3,
      "best_s": 0.074679354991531,
      "p50_s": 0.07916880800621584,
      "p95_s": 0.10245681399828754,
      "samples_s": [
        0.10245681399828754,
        0.07916880800621584,
        0.074679354991531
      ]
    },
    "q2_top_customers": {
      "n": 3,
      "best_s": 0.07718343602027744,
      "p50_s": 0.11114856498898007,
      "p95_s": 0.20781569599057548,
      "samples_s": [
        0.20781569599057548,
        0.07718343602027744,
        0.11114856498898007
      ]
    },
    "q3_join_filter": {
      "n": 3,
      "best_s": 0.034957200987264514,
      "p50_s": 0.04728997198981233,
      "p95_s": 0.048883206996833906,
      "samples_s": [
        0.04728997198981233,
        0.034957200987264514,
        0.048883206996833906
      ]
    },
    "q4_optional_agg": {
      "n": 3,
      "best_s": 0.12798997102072462,
      "p50_s": 0.1687624659971334,
      "p95_s": 0.17191857699071988,
      "samples_s": [
        0.1687624659971334,
        0.12798997102072462,
        0.17191857699071988
      ]
    }
  },
  "rss_peak_bytes": 970575872,
  "rss_delta_bytes": 730513408,
  "store_bytes_on_disk": 202219948,
  "fuseki_version": "5.2.0"
}