{
  "framework": "oxigraph_fork",
  "scale": "100k",
  "data": "/home/nico/wspace/eona/eona_vocabulary_services/spikes/02_oxigraph_bench/data/data-100k.ttl",
  "load_s": 0.7583102460193913,
  "queries": {
    "q1_count": {
      "n": 3,
      "best_s": 0.04126297798939049,
      "p50_s": 0.041874418006045744,
      "p95_s": 0.042176246002782136,
      "samples_s": [
        0.042176246002782136,
        0.04126297798939049,
        0.041874418006045744
      ]
    },
    "q2_top_customers": {
      "n": 3,
      "best_s": 0.07530641599441878,
      "p50_s": 0.10452832101145759,
      "p95_s": 0.1419809789804276,
      "samples_s": [
        0.1419809789804276,
        0.10452832101145759,
        0.07530641599441878
      ]
    },
    "q3_join_filter": {
      "n": 3,
      "best_s": 0.11691772899939679,
      "p50_s": 0.17657927199616097,
      "p95_s": 0.21162847502273507,
      "samples_s": [
        0.11691772899939679,
        0.17657927199616097,
        0.21162847502273507
      ]
    },
    "q4_optional_agg": {
      "n": 3,
      "best_s": 0.10149208901566453,
      "p50_s": 0.1454654749832116,
      "p95_s": 0.176879603008274,
      "samples_s": [
        0.176879603008274,
        0.1454654749832116,
        0.10149208901566453
      ]
    }
  },
  "rss_peak_bytes": 150011904,
  "rss_delta_bytes": 78680064,
  "store_bytes_on_disk": 8872255,
  "build": "Deepthought-Solutions/oxigraph @ 5c7feb9 (bugfix/optimizer)",
  "pyoxigraph_version": "0.5.7"
}